Date,PX_LAST,log_price,log_return,raw_return
3/29/2018,64.94,1.812512284,-0.003761312,-0.008698354
3/28/2018,64.38,1.808750972,0.005829544,0.013333333
3/27/2018,65.25,1.814580516,0.00199218,0.004576659
3/26/2018,65.55,1.816572696,0.002180894,0.005009107
3/23/2018,65.88,1.81875359,-0.010542618,-0.024572317
3/22/2018,64.3,1.808210973,0.005836748,0.013349701
3/21/2018,65.17,1.814047721,-0.011958463,-0.027917981
3/20/2018,63.4,1.802089258,-0.009277487,-0.021592008
3/19/2018,62.06,1.792811771,0.001955027,0.004491498
3/16/2018,62.34,1.794766798,-0.008086345,-0.018793921
3/15/2018,61.19,1.786680453,-0.001635495,-0.003772966
3/14/2018,60.96,1.785044958,-0.001784725,-0.004117938
3/13/2018,60.71,1.783260233,0.004625118,0.01059322
3/12/2018,61.36,1.787885351,0.004786438,0.010960671
3/9/2018,62.04,1.792671789,-0.013652817,-0.031936128
3/8/2018,60.12,1.779018972,0.007377489,0.016843827
3/7/2018,61.15,1.786396461,0.010177872,0.023162939
3/6/2018,62.6,1.796574333,-0.000208178,-0.000479463
3/5/2018,62.57,1.796366155,-0.009260062,-0.02155102
3/2/2018,61.25,1.787106093,-0.00184746,-0.004262994
3/1/2018,60.99,1.785258633,0.004603997,0.010545101
2/28/2018,61.64,1.78986263,0.00954685,0.021742581
2/27/2018,63.01,1.79940948,0.006159338,0.014082303
2/26/2018,63.91,1.805568818,-0.002453263,-0.005664831
2/23/2018,63.55,1.803115555,-0.005363426,-0.012426318
2/22/2018,62.77,1.797752129,-0.007607764,-0.017671855
2/21/2018,61.68,1.790144365,0.001546284,0.00355412
2/20/2018,61.9,1.791690649,-0.001546284,-0.003566796
2/16/2018,61.68,1.790144365,-0.002400593,-0.005542876
2/15/2018,61.34,1.787743772,-0.005271147,-0.012211221
2/14/2018,60.6,1.782472624,-0.010224284,-0.023821591
2/13/2018,59.19,1.77224834,0.00073311,0.001686625
2/12/2018,59.29,1.77298145,-0.000659744,-0.00152027
2/9/2018,59.2,1.772321707,0.014074755,0.031888798
2/8/2018,61.15,1.786396461,0.004521734,0.010357663
2/7/2018,61.79,1.790918195,0.011102557,0.025240574
2/6/2018,63.39,1.802020752,0.005175909,0.011847233
2/5/2018,64.15,1.807196661,0.00871299,0.01986249
2/2/2018,65.45,1.815909651,0.002316243,0.005319149
2/1/2018,65.8,1.818225894,-0.007120287,-0.016530202
1/31/2018,64.73,1.811105607,-0.001545892,-0.003565891
1/30/2018,64.5,1.809559715,0.00707923,0.016168395
1/29/2018,65.56,1.816638945,0.003825246,0.008769277
1/26/2018,66.14,1.820464191,-0.004156591,-0.009616852
1/25/2018,65.51,1.816307599,0.000662438,0.001524158
1/24/2018,65.61,1.816970038,-0.007612368,-0.017682643
1/23/2018,64.47,1.80935767,-0.006652343,-0.015435502
1/22/2018,63.49,1.802705327,-0.00082162,-0.001893641
1/19/2018,63.37,1.801883707,0.003956842,0.009069586
1/18/2018,63.95,1.805840549,0.000135802,0.000312647
1/17/2018,63.97,1.805976351,-0.001632432,-0.003765887
1/16/2018,63.73,1.804343918,0.003867054,0.008864697
1/12/2018,64.3,1.808210973,-0.003390294,-0.007836991
1/11/2018,63.8,1.804820679,-0.001568467,-0.003618059
1/10/2018,63.57,1.803252211,-0.004187492,-0.009688691
1/9/2018,62.96,1.799064719,-0.008568442,-0.019925482
1/8/2018,61.73,1.790496277,-0.00204507,-0.004720052
1/5/2018,61.44,1.788451207,0.004010524,0.009192066
1/4/2018,62.01,1.792461731,-0.002669564,-0.006165828
1/3/2018,61.63,1.789792168,-0.008970992,-0.020871294
1/2/2018,60.37,1.780821176,0.000359545,0.000827541
12/29/2017,60.42,1.781180721,-0.004189136,-0.009692513
12/28/2017,59.84,1.776991585,-0.00145395,-0.003353454
12/27/2017,59.64,1.775537635,0.002396414,0.005502751
12/26/2017,59.97,1.777934049,-0.011000955,-0.025654182
12/22/2017,58.47,1.766933094,-0.000817811,-0.001884853
12/21/2017,58.36,1.766115283,-0.002013907,-0.00464796
12/20/2017,58.09,1.764101376,-0.004735755,-0.010964149
12/19/2017,57.46,1.759365622,-0.002273402,-0.005248425
12/18/2017,57.16,1.75709222,0.001062402,0.002443281
12/15/2017,57.3,1.758154622,-0.001975105,-0.004558205
12/14/2017,57.04,1.756179517,-0.003363086,-0.007773852
12/13/2017,56.6,1.752816431,0.004123805,0.009450473
12/12/2017,57.14,1.756940236,0.006412873,0.0146577
12/11/2017,57.99,1.763353109,-0.004743966,-0.010983264
12/8/2017,57.36,1.758609143,-0.005102686,-0.011818663
12/7/2017,56.69,1.753506457,-0.005628751,-0.013045032
12/6/2017,55.96,1.747877706,0.012695548,0.028809441
12/5/2017,57.62,1.760573254,-0.001132057,-0.002610057
12/4/2017,57.47,1.759441197,0.006674086,0.015250171
12/1/2017,58.36,1.766115283,-0.007203391,-0.016724739
11/30/2017,57.4,1.758911892,-0.00075727,-0.001745201
11/29/2017,57.3,1.758154622,0.005198487,0.011898603
11/28/2017,57.99,1.763353109,0.000897767,0.002065049
11/27/2017,58.11,1.764250875,0.006232934,0.014249364
11/24/2017,58.95,1.770483809,-0.006906085,-0.016028956
11/22/2017,58.02,1.763577724,-0.009000068,-0.020939645
11/21/2017,56.83,1.754577656,-0.005692216,-0.013193083
11/20/2017,56.09,1.74888544,0.003547169,0.008134394
11/17/2017,56.55,1.752432609,-0.010965847,-0.025571273
11/16/2017,55.14,1.741466762,0.001493908,0.003433942
11/15/2017,55.33,1.74296067,0.002894525,0.006642729
11/14/2017,55.7,1.745855195,0.008187192,0.018675123
11/13/2017,56.76,1.754042387,-0.000153055,-0.000352485
11/10/2017,56.74,1.753889331,0.003278861,0.007521427
11/9/2017,57.17,1.757168192,-0.002743403,-0.006336913
11/8/2017,56.81,1.754424789,0.00297124,0.006818182
11/7/2017,57.2,1.757396029,0.001137393,0.002615519
11/6/2017,57.35,1.758533422,-0.013146301,-0.030733285
11/3/2017,55.64,1.745387121,-0.008671988,-0.020168684
11/2/2017,54.54,1.736715134,-0.001915304,-0.00441989
11/1/2017,54.3,1.73479983,0.000639374,0.001471129
10/31/2017,54.38,1.735439203,-0.001840742,-0.004247461
10/30/2017,54.15,1.733598461,-0.002009696,-0.004638219
10/27/2017,53.9,1.731588765,-0.010272885,-0.02393617
10/26/2017,52.64,1.721315881,-0.003811806,-0.008815638
10/25/2017,52.18,1.717504075,0.002406989,0.005526968
10/24/2017,52.47,1.719911064,-0.004743706,-0.010982659
10/23/2017,51.9,1.715167358,-0.00361319,-0.008354381
10/20/2017,51.47,1.711554168,-0.001521469,-0.003509456
10/19/2017,51.29,1.710032699,0.006304589,0.014411991
10/18/2017,52.04,1.716337288,-0.00133732,-0.00308404
10/17/2017,51.88,1.714999967,-8.37194E-05,-0.00019279
10/16/2017,51.87,1.714916248,-0.003530869,-0.008163265
10/13/2017,51.45,1.711385379,-0.007234862,-0.016798419
10/12/2017,50.6,1.704150517,0.005966848,0.013645224
10/11/2017,51.3,1.710117365,-0.00322897,-0.007462687
10/10/2017,50.92,1.706888395,-0.011581873,-0.027027027
10/9/2017,49.58,1.695306522,-0.002547704,-0.005883546
10/6/2017,49.29,1.692758818,0.013019395,0.029533373
10/5/2017,50.79,1.705778213,-0.006981961,-0.016206483
10/4/2017,49.98,1.698796252,0.00380659,0.008726696
10/3/2017,50.42,1.702602841,0.001375984,0.003163306
10/2/2017,50.58,1.703978825,0.009259637,0.021095413
9/29/2017,51.67,1.713238462,-0.000925553,-0.002133437
9/28/2017,51.56,1.712312909,0.004858118,0.011123897
9/27/2017,52.14,1.717171027,-0.002171059,-0.005011565
9/26/2017,51.88,1.714999967,0.0028369,0.006510915
9/25/2017,52.22,1.717836867,-0.013171682,-0.030793525
9/22/2017,50.66,1.704665185,-0.000944026,-0.002176063
9/21/2017,50.55,1.70372116,-0.001204462,-0.002777227
9/20/2017,50.41,1.702516697,-0.008087006,-0.018795473
9/19/2017,49.48,1.694429691,0.003757879,0.008615508
9/18/2017,49.91,1.69818757,-0.000174066,-0.000400882
9/15/2017,49.89,1.698013504,0,0
9/14/2017,49.89,1.698013504,-0.005166585,-0.011967546
9/13/2017,49.3,1.692846919,-0.009529657,-0.022185362
9/12/2017,48.23,1.683317262,-0.00144314,-0.003328479
9/11/2017,48.07,1.681874122,-0.005363412,-0.012426285
9/8/2017,47.48,1.67651071,0.014482322,0.032796904
9/7/2017,49.09,1.690993032,0.000618842,0.001423922
9/6/2017,49.16,1.691611874,-0.00443977,-0.01027538
9/5/2017,48.66,1.687172105,-0.012402791,-0.028970184
9/1/2017,47.29,1.674769314,-0.000551368,-0.001270379
8/31/2017,47.23,1.674217946,-0.011837926,-0.027632724
8/30/2017,45.96,1.66238002,0.004512191,0.010335917
8/29/2017,46.44,1.666892211,0.001214027,0.002791497
8/28/2017,46.57,1.668106238,0.01195719,0.027156883
8/25/2017,47.87,1.680063427,-0.004010303,-0.009276829
8/24/2017,47.43,1.676053125,0.008881958,0.020243751
8/23/2017,48.41,1.684935083,-0.00696333,-0.016162888
8/22/2017,47.64,1.677971753,-0.002468368,-0.00569981
8/21/2017,47.37,1.675503385,0.01032789,0.023500309
8/18/2017,48.51,1.685831275,-0.012902584,-0.030155022
8/17/2017,47.09,1.67292869,-0.002868473,-0.006626764
8/16/2017,46.78,1.670060217,0.007090304,0.016193481
8/15/2017,47.55,1.677150521,0.000365184,0.000840513
8/14/2017,47.59,1.677515705,0.01108207,0.025194592
8/11/2017,48.82,1.688597775,-0.002050876,-0.004733484
8/10/2017,48.59,1.686546899,0.008584399,0.019572236
8/9/2017,49.56,1.695131298,-0.003431089,-0.007931666
8/8/2017,49.17,1.691700208,0.001938818,0.004454343
8/7/2017,49.39,1.693639026,0.001667496,0.00383219
8/4/2017,49.58,1.695306522,-0.004844629,-0.011217622
8/3/2017,49.03,1.690461893,0.004932215,0.011292599
8/2/2017,49.59,1.695394108,-0.003782234,-0.008746949
8/1/2017,49.16,1.691611874,0.008832227,0.020131553
7/31/2017,50.17,1.700444101,-0.004000338,-0.009253671
7/28/2017,49.71,1.696443763,-0.005893302,-0.013662316
7/27/2017,49.04,1.690550462,-0.002575841,-0.005948718
7/26/2017,48.75,1.68797462,-0.007729783,-0.01795782
7/25/2017,47.89,1.680244837,-0.014288808,-0.033448425
7/24/2017,46.34,1.665956029,-0.005375117,-0.012453572
7/21/2017,45.77,1.660580912,0.009572133,0.02179953
7/20/2017,46.79,1.670153045,0.003052237,0.007003396
7/19/2017,47.12,1.673205282,-0.006687301,-0.015517241
7/18/2017,46.4,1.666517981,-0.003571366,-0.008257279
7/17/2017,46.02,1.662946614,0.004879765,0.011173184
7/14/2017,46.54,1.667826379,-0.004313909,-0.009982639
7/13/2017,46.08,1.66351247,-0.005596534,-0.012969883
7/12/2017,45.49,1.657915937,-0.004317555,-0.009991119
7/11/2017,45.04,1.653598382,-0.006215412,-0.014414414
7/10/2017,44.4,1.64738297,-0.001666031,-0.003843545
7/7/2017,44.23,1.645716939,0.012485314,0.028339192
7/6/2017,45.52,1.658202253,-0.00373692,-0.008641702
7/5/2017,45.13,1.654465334,0.018278865,0.041215211
7/3/2017,47.07,1.672744198,-0.009608883,-0.022371851
6/30/2017,46.04,1.663135315,-0.010598896,-0.024705097
6/29/2017,44.93,1.652536419,-0.001840439,-0.004246759
6/28/2017,44.74,1.65069598,-0.004880861,-0.011301989
6/27/2017,44.24,1.645815118,-0.008525571,-0.019824804
6/26/2017,43.38,1.637289548,-0.003720105,-0.008602651
6/23/2017,43.01,1.633569443,-0.002734925,-0.006317267
6/22/2017,42.74,1.630834518,-0.002139135,-0.004937691
6/21/2017,42.53,1.628695383,0.007089853,0.016192459
6/20/2017,43.23,1.635785236,0.009637034,0.021945701
6/19/2017,44.2,1.645422269,0.00527371,0.012069736
6/16/2017,44.74,1.65069598,-0.002726521,-0.006297796
6/15/2017,44.46,1.647969458,0.00262944,0.006036217
6/14/2017,44.73,1.650598898,0.016480307,0.037236332
6/13/2017,46.46,1.667079205,-0.003566735,-0.008246528
6/12/2017,46.08,1.66351247,-0.002362613,-0.005454942
6/9/2017,45.83,1.661149857,-0.001804221,-0.004163015
6/8/2017,45.64,1.659345636,0.000760586,0.001749781
6/7/2017,45.72,1.660106222,0.022850705,0.051255447
6/6/2017,48.19,1.682956926,-0.007178585,-0.016666667
6/5/2017,47.4,1.675778342,0.002375696,0.005455308
6/2/2017,47.66,1.678154038,0.006332254,0.014474773
6/1/2017,48.36,1.684486292,-0.000359367,-0.000827815
5/31/2017,48.32,1.684126926,0.01187979,0.026983488
5/30/2017,49.66,1.696006715,0.001222628,0.002811245
5/26/2017,49.8,1.697229343,-0.007920484,-0.018404908
5/25/2017,48.9,1.689308859,0.021316156,0.047897196
5/24/2017,51.36,1.710625015,0.000929153,0.002137167
5/23/2017,51.47,1.711554168,-0.006289306,-0.014587029
5/22/2017,50.73,1.705264862,-0.003437932,-0.007947546
5/19/2017,50.33,1.70182693,-0.008539773,-0.019858156
5/18/2017,49.35,1.693287157,-0.002471099,-0.005706134
5/17/2017,49.07,1.690816058,-0.003643953,-0.008425812
5/16/2017,48.66,1.687172105,0.001692463,0.003889458
5/15/2017,48.85,1.688864568,-0.009073397,-0.02111204
5/12/2017,47.84,1.679791171,-9.07901E-05,-0.000209074
5/11/2017,47.83,1.679700381,-0.004563876,-0.010564124
5/10/2017,47.33,1.675136504,-0.013513095,-0.031604185
5/9/2017,45.88,1.661623409,0.005175274,0.011845789
5/8/2017,46.43,1.666798684,-0.001968743,-0.004543488
5/5/2017,46.22,1.664829941,-0.006627688,-0.015377856
5/4/2017,45.52,1.658202253,0.021407318,0.048097031
5/3/2017,47.82,1.679609572,-0.001455534,-0.003357113
5/2/2017,47.66,1.678154038,0.010621617,0.024160524
5/1/2017,48.84,1.688775655,0.00433546,0.009933104
4/28/2017,49.33,1.693111115,-0.003181011,-0.00735144
4/27/2017,48.97,1.689930104,0.005726656,0.013099557
4/26/2017,49.62,1.69565676,-0.000525462,-0.001210654
4/25/2017,49.56,1.695131298,-0.002901462,-0.00670323
4/24/2017,49.23,1.692229836,0.003426924,0.007859734
4/21/2017,49.62,1.69565676,0.005652125,0.012930177
4/20/2017,50.27,1.701308885,0.001466193,0.003370341
4/19/2017,50.44,1.702775078,0.016639082,0.037588247
4/18/2017,52.41,1.71941416,0.001984216,0.004558405
4/17/2017,52.65,1.721398376,0.004349957,0.009966153
4/13/2017,53.18,1.725748333,-0.000572032,-0.001318019
4/12/2017,53.11,1.725176301,0.002364956,0.005430712
4/11/2017,53.4,1.727541257,-0.002610343,-0.006028636
4/10/2017,53.08,1.724930914,-0.006927746,-0.016079632
4/7/2017,52.24,1.718003168,-0.004512625,-0.010444874
4/6/2017,51.7,1.713490543,-0.004644905,-0.010752688
4/5/2017,51.15,1.708845638,-0.00102007,-0.002351558
4/4/2017,51.03,1.707825568,-0.006775938,-0.015724522
4/3/2017,50.24,1.701049631,0.003100886,0.007114625
3/31/2017,50.6,1.704150517,-0.002151042,-0.004965243
3/30/2017,50.35,1.701999475,-0.007306549,-0.016966269
3/29/2017,49.51,1.694692926,-0.010116839,-0.023568327
3/28/2017,48.37,1.684576087,-0.005784653,-0.013408758
3/27/2017,47.73,1.678791434,0.002178284,0.005003127
3/24/2017,47.97,1.680969718,-0.002451339,-0.005660377
3/23/2017,47.7,1.678518379,0.00308462,0.007077435
3/22/2017,48.04,1.681602999,-0.006374745,-0.01478665
3/21/2017,47.34,1.675228254,0.007998952,0.018249689
3/20/2017,48.22,1.683227206,0.00501459,0.011480115
3/17/2017,48.78,1.688241796,-0.000267176,-0.000615385
3/16/2017,48.75,1.68797462,0.000978843,0.00225133
3/15/2017,48.86,1.688953463,-0.010253028,-0.023889355
3/14/2017,47.72,1.678700435,0.006144927,0.014049587
3/13/2017,48.4,1.684845362,0.000806822,0.001856053
3/10/2017,48.49,1.685652184,0.007018515,0.016030844
3/9/2017,49.28,1.692670699,0.00872457,0.019888624
3/8/2017,50.28,1.701395269,0.024026281,0.053820098
3/7/2017,53.14,1.72542155,0.000490082,0.00112782
3/6/2017,53.2,1.725911632,0.001059951,0.002437652
3/3/2017,53.33,1.726971584,-0.005903282,-0.013685611
3/2/2017,52.61,1.721068302,0.009956078,0.022663942
3/1/2017,53.83,1.73102438,0.001449797,0.003332716
2/28/2017,54.01,1.732474177,0.000321521,0.000740056
2/27/2017,54.05,1.732795698,-0.000482371,-0.001111317
2/24/2017,53.99,1.732313327,0.003684557,0.008448118
2/23/2017,54.45,1.735997884,-0.006914127,-0.01604777
2/22/2017,53.59,1.729083757,0.003792284,0.008694044
2/21/2017,54.06,1.732876041,-0.005334784,-0.012359551
2/17/2017,53.4,1.727541257,-0.000325436,-0.000749625
2/16/2017,53.36,1.727215821,-0.002039519,-0.004707211
2/15/2017,53.11,1.725176301,0.000735331,0.001691729
2/14/2017,53.2,1.725911632,-0.002209738,-0.005101077
2/13/2017,52.93,1.723701894,0.007564455,0.017266988
2/10/2017,53.86,1.731266349,-0.006990479,-0.016226415
2/9/2017,53,1.72427587,-0.005442151,-0.012609859
2/8/2017,52.34,1.718833718,-0.001412882,-0.003258578
2/7/2017,52.17,1.717420837,0.006936968,0.015846067
2/6/2017,53.01,1.724357804,0.006666576,0.015233141
2/3/2017,53.83,1.73102438,-0.002346013,-0.005416511
2/2/2017,53.54,1.728678367,0.00274922,0.006310319
2/1/2017,53.88,1.731427587,-0.00871142,-0.020261314
1/31/2017,52.81,1.722716167,-0.001482797,-0.003420103
1/30/2017,52.63,1.72123337,0.00443329,0.010156103
1/27/2017,53.17,1.72566666,0.004954138,0.011342507
1/26/2017,53.78,1.730620798,-0.008398334,-0.019526066
1/25/2017,52.75,1.722222464,0.003525869,0.008085747
1/24/2017,53.18,1.725748333,-0.003525869,-0.008151659
1/23/2017,52.75,1.722222464,-0.002725447,-0.006295307
1/20/2017,52.42,1.719497017,-0.008787451,-0.020439945
1/19/2017,51.37,1.710709566,-0.002458677,-0.005677369
1/18/2017,51.08,1.708250889,0.011742938,0.026676829
1/17/2017,52.48,1.719993826,-0.000911252,-0.002100439
1/13/2017,52.37,1.719082574,0.00527523,0.012073194
1/12/2017,53.01,1.724357804,-0.006271509,-0.014545455
1/11/2017,52.25,1.718086295,-0.012051634,-0.028138528
1/10/2017,50.82,1.706034661,0.009634482,0.021939954
1/9/2017,51.96,1.715669142,0.016644185,0.037599555
1/6/2017,53.99,1.732313327,-0.001854067,-0.004278274
1/5/2017,53.76,1.73045926,-0.004058098,-0.009387908
1/4/2017,53.26,1.726401162,-0.007650427,-0.017771833
1/3/2017,52.33,1.718750735,0.011385269,0.025874907
12/30/2016,53.72,1.730136004,0.000404032,0.000929887
12/29/2016,53.77,1.730540036,0.002336005,0.00536441
12/28/2016,54.06,1.732876041,-0.001287276,-0.00296846
12/27/2016,53.9,1.731588765,-0.007149042,-0.01659751
12/23/2016,53.02,1.724439723,-0.000573759,-0.001322002
12/22/2016,52.95,1.723865964,-0.003789392,-0.008763574
12/21/2016,52.49,1.720076573,-0.002156547,-0.004977982
12/20/2016,52.23,1.717920026,-0.000915619,-0.002110514
12/19/2016,52.12,1.717004407,-0.001837049,-0.004238921
12/16/2016,51.9,1.715167358,-0.008449576,-0.019646365
12/15/2016,50.9,1.706717782,0.001192883,0.002742947
12/14/2016,51.04,1.707910666,0.016201288,0.036617592
12/13/2016,52.98,1.724111954,-0.001231343,-0.002839296
12/12/2016,52.83,1.722880611,-0.011073382,-0.025825243
12/9/2016,51.5,1.711807229,-0.005601687,-0.012981904
12/8/2016,50.84,1.706205542,-0.009237901,-0.021498895
12/7/2016,49.77,1.696967641,0.010006035,0.02277636
12/6/2016,50.93,1.706973676,0.007272235,0.016605522
12/5/2016,51.79,1.714245911,-0.000923406,-0.002128483
12/2/2016,51.68,1.713322505,-0.005241695,-0.012142577
12/1/2016,51.06,1.70808081,-0.014002348,-0.03276699
11/30/2016,49.44,1.694078462,-0.038651874,-0.093079814
11/29/2016,45.23,1.655426588,0.017409866,0.039294817
11/28/2016,47.08,1.672836454,-0.009512521,-0.022145028
11/25/2016,46.06,1.663323934,0.017555241,0.039616347
11/23/2016,47.96,1.680879174,0.000633412,0.001457422
11/22/2016,48.03,1.681512587,-0.004910417,-0.011370815
11/21/2016,47.49,1.67660217,-0.016781012,-0.039395929
11/18/2016,45.69,1.659821158,-0.002574028,-0.005944518
11/17/2016,45.42,1.65724713,0.001431899,0.003291639
11/16/2016,45.57,1.658679029,0.002281263,0.005239031
11/15/2016,45.81,1.660960292,-0.024271844,-0.057479224
11/14/2016,43.32,1.636688448,0.000901338,0.002073255
11/11/2016,43.41,1.637589786,0.012328933,0.027989252
11/10/2016,44.66,1.649918719,0.005891776,0.013474707
11/9/2016,45.27,1.655810494,-0.002791043,-0.00644731
11/8/2016,44.98,1.653019451,-0.000869846,-0.002004901
11/7/2016,44.89,1.652149605,-0.008006555,-0.018606762
11/4/2016,44.07,1.644143051,0.005775668,0.013210927
11/3/2016,44.66,1.649918719,0.006562797,0.014997794
11/2/2016,45.34,1.656481516,0.012556285,0.028497964
11/1/2016,46.67,1.669037801,0.001764483,0.004054631
10/31/2016,46.86,1.670802284,0.016726677,0.037782341
10/28/2016,48.7,1.687528961,0.009002159,0.020514883
10/27/2016,49.72,1.69653112,-0.004742596,-0.010980073
10/26/2016,49.18,1.691788524,0.006833905,0.01561249
10/25/2016,49.96,1.69862243,0.004840912,0.011084719
10/24/2016,50.52,1.703463342,0.002827615,0.006489676
10/21/2016,50.85,1.706290957,-0.003601989,-0.008328376
10/20/2016,50.43,1.702688968,0.009960733,0.022674419
10/19/2016,51.6,1.712649702,-0.011168066,-0.026048916
10/18/2016,50.29,1.701481636,-0.003033098,-0.00700841
10/17/2016,49.94,1.698448538,0.003550937,0.008142999
10/14/2016,50.35,1.701999475,0.000775603,0.001784298
10/13/2016,50.44,1.702775078,-0.002244421,-0.005181347
10/12/2016,50.18,1.700530657,0.005247556,0.012010238
10/11/2016,50.79,1.705778213,0.004762235,0.01090555
10/10/2016,51.35,1.710540448,-0.013223906,-0.030917486
10/7/2016,49.81,1.697316542,0.005458536,0.012490087
10/6/2016,50.44,1.702775078,-0.005284191,-0.012241622
10/5/2016,49.83,1.697490887,-0.010051113,-0.023413432
10/4/2016,48.69,1.687439775,0.001069033,0.002458513
10/3/2016,48.81,1.688508808,-0.005101509,-0.01181592
9/30/2016,48.24,1.683407299,-0.003706918,-0.008572026
9/29/2016,47.83,1.679700381,-0.007140753,-0.016578108
9/28/2016,47.05,1.672559628,-0.022543675,-0.053279606
9/27/2016,44.67,1.650015952,0.012080493,0.02743305
9/26/2016,45.93,1.662096445,-0.013931667,-0.032598921
9/23/2016,44.48,1.648164779,0.017603772,0.039723661
9/22/2016,46.32,1.665768551,-0.009287035,-0.021614468
9/21/2016,45.34,1.656481516,-0.018591699,-0.04373849
9/20/2016,43.44,1.637889817,-0.00140192,-0.003233256
9/19/2016,43.3,1.636487896,-0.00271655,-0.006274692
9/16/2016,43.03,1.633771346,0.008792091,0.020040993
9/15/2016,43.91,1.642563437,-0.003276211,-0.007572281
9/14/2016,43.58,1.639287226,0.012959115,0.029398664
9/13/2016,44.9,1.652246341,0.01324084,0.030028084
9/12/2016,46.29,1.665487181,-0.003863772,-0.008936356
9/9/2016,45.88,1.661623409,0.016165982,0.036539269
9/8/2016,47.62,1.677789391,-0.019777994,-0.046593407
9/7/2016,45.5,1.658011397,-0.006442658,-0.014945349
9/6/2016,44.83,1.651568739,-0.003794689,-0.008775878
9/2/2016,44.44,1.64777405,-0.012692614,-0.02965709
9/1/2016,43.16,1.635081436,0.015226087,0.034451902
8/31/2016,44.7,1.650307523,0.015742215,0.035598706
8/30/2016,46.35,1.666049738,0.005863274,0.013409962
8/29/2016,46.98,1.671913012,0.00605874,0.013853904
8/26/2016,47.64,1.677971753,-0.002835248,-0.006549757
8/25/2016,47.33,1.675136504,-0.005169135,-0.011973487
8/24/2016,46.77,1.66996737,0.012177706,0.027650728
8/23/2016,48.1,1.682145076,-0.009585449,-0.022316684
8/22/2016,47.05,1.672559628,0.013361164,0.030296785
8/19/2016,48.52,1.685920792,-0.002693586,-0.006221485
8/18/2016,48.22,1.683227206,-0.013074161,-0.030562086
8/17/2016,46.79,1.670153045,-0.001953561,-0.004508373
8/16/2016,46.58,1.668199484,-0.007903324,-0.01836467
8/15/2016,45.74,1.66029616,-0.012033755,-0.028096201
8/12/2016,44.49,1.648262406,-0.009872998,-0.022993792
8/11/2016,43.49,1.638389408,-0.018149218,-0.042675617
8/10/2016,41.71,1.62024019,0.01089906,0.024783727
8/9/2016,42.77,1.63113925,0.002531156,0.005811251
8/8/2016,43.02,1.633670406,-0.012494124,-0.029186603
8/5/2016,41.8,1.621176282,0.001348581,0.003100405
8/4/2016,41.93,1.622524862,-0.011545482,-0.026940975
8/3/2016,40.83,1.61097938,-0.01427235,-0.033409263
8/2/2016,39.51,1.59670703,0.006003915,0.013729406
8/1/2016,40.06,1.602710945,0.016382386,0.037019231
7/29/2016,41.6,1.619093331,-0.004829043,-0.011181332
7/28/2016,41.14,1.614264287,0.008156987,0.01860687
7/27/2016,41.92,1.622421274,0.010238439,0.023299161
7/26/2016,42.92,1.632659713,0.002119745,0.004869001
7/25/2016,43.13,1.634779458,0.010544543,0.023987327
7/22/2016,44.19,1.645324002,0.005469038,0.012513966
7/21/2016,44.75,1.65079304,0.001840028,0.004227859
7/20/2016,44.94,1.652633068,-0.002811605,-0.006494961
7/19/2016,44.65,1.649821463,0.005701133,0.013041556
7/18/2016,45.24,1.655522596,0.006762919,0.015451578
7/15/2016,45.95,1.662285516,-0.00255942,-0.005910683
7/14/2016,45.68,1.659726095,-0.008933056,-0.020782123
7/13/2016,44.75,1.65079304,0.019452813,0.043803419
7/12/2016,46.8,1.670245853,-0.019355775,-0.045576408
7/11/2016,44.76,1.650890078,0.006261424,0.014314028
7/8/2016,45.41,1.657151502,-0.002589947,-0.005981391
7/7/2016,45.14,1.654561555,0.02149157,0.048281678
7/6/2016,47.43,1.676053125,-0.007667208,-0.017811159
7/5/2016,46.6,1.668385917,0.021721523,0.048785466
7/1/2016,48.99,1.690107439,-0.005890644,-0.013656114
6/30/2016,48.33,1.684216795,0.01370965,0.031074579
6/29/2016,49.88,1.697926445,-0.018044503,-0.042424242
6/28/2016,47.85,1.679881942,-0.014019642,-0.032808116
6/27/2016,46.33,1.6658623,0.012109453,0.027497901
6/24/2016,47.64,1.677971753,0.02195265,0.049291559
6/23/2016,50.11,1.699924403,-0.008577639,-0.019947079
6/22/2016,49.13,1.691346764,-0.002482196,-0.005731832
6/21/2016,48.85,1.688864568,0.004598559,0.010532712
6/20/2016,49.37,1.693463127,-0.012402884,-0.028970404
6/17/2016,47.98,1.681060244,-0.016324275,-0.038303398
6/16/2016,46.21,1.664735969,0.016595737,0.037492189
6/15/2016,48.01,1.681331706,0.004320478,0.009898948
6/14/2016,48.49,1.685652184,0.003479013,0.007978723
6/13/2016,48.88,1.689131197,0.001684861,0.00387202
6/10/2016,49.07,1.690816058,0.012991007,0.029469937
6/9/2016,50.56,1.703807065,0.005717291,0.013078274
6/8/2016,51.23,1.709524356,-0.007438634,-0.017275616
6/7/2016,50.36,1.702085721,-0.005816725,-0.013483598
6/6/2016,49.69,1.696268997,-0.009454042,-0.022007404
6/3/2016,48.62,1.686814955,0.004885254,0.011185682
6/2/2016,49.17,1.691700208,-0.001415506,-0.00326464
6/1/2016,49.01,1.690284703,0.00079679,0.001832994
5/31/2016,49.1,1.691081492,0.002029623,0.004662477
5/27/2016,49.33,1.693111115,0.001318575,0.003031528
5/26/2016,49.48,1.694429691,0.000701607,0.001614205
5/25/2016,49.56,1.695131298,-0.008316343,-0.019333608
5/24/2016,48.62,1.686814955,-0.004850496,-0.011231281
5/23/2016,48.08,1.681964459,-0.002991083,-0.006910995
5/20/2016,47.75,1.678973376,0.003713102,0.008513289
5/19/2016,48.16,1.682686478,0.000270448,0.000622536
5/18/2016,48.19,1.682956926,0.001080111,0.002483958
5/17/2016,48.31,1.684037037,-0.005336602,-0.012363789
5/16/2016,47.72,1.678700435,-0.013964466,-0.03267691
5/13/2016,46.21,1.664735969,0.004580912,0.010492505
5/12/2016,46.7,1.669316881,-0.004392987,-0.010166559
5/11/2016,46.23,1.664923893,-0.015005175,-0.035154501
5/10/2016,44.66,1.649918719,-0.012028902,-0.028084715
5/9/2016,43.44,1.637889817,0.012028902,0.02731751
5/6/2016,44.66,1.649918719,-0.003318967,-0.00767148
5/5/2016,44.32,1.646599752,-0.005323994,-0.012334399
5/4/2016,43.78,1.641275757,-0.001291509,-0.002978236
5/3/2016,43.65,1.639984248,0.011099841,0.02523448
5/2/2016,44.78,1.651084089,0.01091779,0.024825784
4/29/2016,45.92,1.662001879,0.001039096,0.002389746
4/28/2016,46.03,1.663040975,-0.006655256,-0.015442312
4/27/2016,45.33,1.656385719,-0.012538409,-0.029291553
4/26/2016,44.04,1.64384731,-0.014030114,-0.032833021
4/25/2016,42.64,1.629817196,0.010962281,0.02492568
4/22/2016,43.73,1.640779477,-0.005496839,-0.012737378
4/21/2016,43.18,1.635282638,-0.005567305,-0.012901712
4/20/2016,42.63,1.629715333,-0.016084898,-0.037731256
4/19/2016,41.08,1.613630435,-0.013965656,-0.032679739
4/18/2016,39.78,1.599664779,0.006286379,0.014370664
4/15/2016,40.36,1.605951158,0.012096939,0.02746988
4/14/2016,41.5,1.618048097,0.002712393,0.006226054
4/13/2016,41.76,1.62076049,0.004243111,0.009722552
4/12/2016,42.17,1.625003601,-0.019052443,-0.044846383
4/11/2016,40.36,1.605951158,-0.006941918,-0.01611279
4/8/2016,39.72,1.59900924,-0.027766389,-0.066022544
4/7/2016,37.26,1.571242851,0.005674105,0.012980132
4/6/2016,37.75,1.576916956,-0.021943498,-0.051825021
4/5/2016,35.89,1.554973458,-0.002305242,-0.005322129
4/4/2016,35.7,1.552668216,0.013061572,0.029627616
4/1/2016,36.79,1.565729788,0.017922321,0.040427752
3/31/2016,38.34,1.583652109,-0.000226608,-0.000521921
3/30/2016,38.32,1.5834255,-0.000453571,-0.001044932
3/29/2016,38.28,1.582971929,0.012414052,0.028179741
3/28/2016,39.39,1.595385981,0.0007711,0.001773948
3/24/2016,39.46,1.596157081,0.003616858,0.008293541
3/23/2016,39.79,1.599773939,0.017750596,0.040048251
3/22/2016,41.45,1.617524535,-0.016442807,-0.03858682
3/21/2016,39.91,1.601081728,-0.005144822,-0.011916836
3/18/2016,39.44,1.595936906,0.008289147,0.018905473
3/17/2016,40.2,1.604226053,-0.019216773,-0.04524181
3/16/2016,38.46,1.58500928,-0.024624357,-0.05833792
3/15/2016,36.34,1.560384923,0.009924462,0.022592792
3/14/2016,37.18,1.570309385,0.015151344,0.034285714
3/11/2016,38.5,1.58546073,-0.007509602,-0.01744186
3/10/2016,37.84,1.577951128,0.005134239,0.011752416
3/9/2016,38.29,1.583085366,-0.020792502,-0.049041096
3/8/2016,36.5,1.562292864,0.016346346,0.036939314
3/7/2016,37.9,1.57863921,-0.023302882,-0.055122494
3/4/2016,35.92,1.555336328,-0.016636948,-0.0390512
3/3/2016,34.57,1.53869938,0.001129179,0.002596653
3/2/2016,34.66,1.539828558,-0.003270116,-0.00755814
3/1/2016,34.4,1.536558443,-0.008284665,-0.019259259
2/29/2016,33.75,1.528273777,-0.012664828,-0.029591214
2/26/2016,32.78,1.515608949,0.003825246,0.008769277
2/25/2016,33.07,1.519434195,-0.012253218,-0.028615863
2/24/2016,32.15,1.507180977,-0.003798914,-0.008785692
2/23/2016,31.87,1.503382063,-0.00534734,-0.012388818
2/22/2016,31.48,1.498034724,-0.026156524,-0.062078273
2/19/2016,29.64,1.471878199,0.016249297,0.036724082
2/18/2016,30.77,1.488127496,-0.001555346,-0.003587736
2/17/2016,30.66,1.486572151,-0.023575538,-0.055785124
2/16/2016,29.04,1.462996612,0.005941194,0.013586957
2/12/2016,29.44,1.468937806,-0.050470785,-0.123235406
2/11/2016,26.21,1.418467021,0.020075328,0.045173042
2/10/2016,27.45,1.438542349,0.007684053,0.017537581
2/9/2016,27.94,1.446226402,0.026383796,0.058942405
2/8/2016,29.69,1.472610198,0.017207711,0.038847523
2/5/2016,30.89,1.489817908,0.01151527,0.026166456
2/4/2016,31.72,1.501333179,0.007600347,0.017348203
2/3/2016,32.28,1.508933526,-0.033552933,-0.080321285
2/2/2016,29.88,1.475380593,0.024581272,0.055028463
2/1/2016,31.62,1.499961866,0.026635844,0.0594884
1/29/2016,33.62,1.526597709,-0.005198081,-0.012040939
1/28/2016,33.22,1.521399628,-0.012197106,-0.028482972
1/27/2016,32.3,1.509202522,-0.011581873,-0.027027027
1/26/2016,31.45,1.49762065,-0.015605073,-0.036585366
1/25/2016,30.34,1.482015576,0.0257054,0.057471264
1/22/2016,32.19,1.507720977,-0.03745753,-0.090077887
1/21/2016,29.53,1.470263447,-0.046198922,-0.112241055
1/20/2016,26.55,1.424064525,0.03017037,0.067111736
1/19/2016,28.46,1.454234896,0.014407773,0.032630863
1/15/2016,29.42,1.468642668,0.025511926,0.057051282
1/14/2016,31.2,1.494154594,-0.010139631,-0.023622047
1/13/2016,30.48,1.484014963,-0.000570315,-0.00131406
1/12/2016,30.44,1.483444648,0.013623288,0.030881885
1/11/2016,31.41,1.497067936,0.023546585,0.052774427
1/8/2016,33.16,1.520614522,0.001438279,0.003306282
1/7/2016,33.27,1.522052801,0.009042746,0.020606417
1/6/2016,33.97,1.531095547,0.024844891,0.05560189
1/5/2016,35.97,1.555940438,0.009435065,0.021490751
1/4/2016,36.76,1.565375503,0.003295475,0.007559395
12/31/2015,37.04,1.568670978,-0.005189893,-0.012021858
12/30/2015,36.6,1.563481085,0.01481422,0.03353578
12/29/2015,37.87,1.578295305,-0.012329488,-0.028796523
12/28/2015,36.81,1.565965817,0.014959158,0.033858268
12/24/2015,38.1,1.580924976,-0.006893708,-0.016
12/23/2015,37.5,1.574031268,-0.01604312,-0.037631433
12/22/2015,36.14,1.557988148,-0.017158334,-0.040299367
12/21/2015,34.74,1.540829814,-0.000125031,-0.000287936
12/18/2015,34.73,1.540704783,0.002742397,0.006294707
12/17/2015,34.95,1.54344718,0.007025777,0.016047297
12/16/2015,35.52,1.550472957,0.021817649,0.048995984
12/15/2015,37.35,1.572290606,-0.012264357,-0.028642247
12/14/2015,36.31,1.560026249,-0.008332334,-0.01937114
12/11/2015,35.62,1.551693915,0.013681588,0.03101197
12/10/2015,36.76,1.565375503,0.004700203,0.010764263
12/9/2015,37.16,1.570075705,0.004071359,0.009330845
12/8/2015,37.51,1.574147064,0.001617916,0.003718459
12/7/2015,37.65,1.575764981,0.025969168,0.058043533
12/4/2015,39.97,1.601734148,0.011896287,0.027020448
12/3/2015,41.08,1.613630435,-0.012222374,-0.028542814
12/2/2015,39.94,1.601408061,0.020287402,0.045639188
12/1/2015,41.85,1.621695462,-0.002080457,-0.004801921
11/30/2015,41.65,1.619615006,0.000625184,0.001438504
11/27/2015,41.71,1.62024019,0.013632073,0.030901487
11/25/2015,43.04,1.633872263,-0.001718779,-0.003965477
11/24/2015,42.87,1.632153484,-0.011497004,-0.026826347
11/23/2015,41.75,1.62065648,-0.014382627,-0.033671701
11/20/2015,40.39,1.606273853,0.001609891,0.003700049
11/19/2015,40.54,1.607883744,0.002243869,0.005153374
11/18/2015,40.75,1.610127613,-0.000853441,-0.001967052
11/17/2015,40.67,1.609274172,0.011278272,0.025634883
11/16/2015,41.74,1.620552445,-0.01053142,-0.024545901
11/13/2015,40.74,1.610021025,0.010635455,0.024191617
11/12/2015,41.75,1.62065648,0.012104409,0.027486606
11/11/2015,42.93,1.632760888,0.012759626,0.028952726
11/10/2015,44.21,1.645520515,-0.003352881,-0.007750171
11/9/2015,43.87,1.642167634,0.004138046,0.009482953
11/6/2015,44.29,1.64630568,0.008832755,0.020132743
11/5/2015,45.2,1.655138435,0.010630116,0.02417962
11/4/2015,46.32,1.665768551,0.014566963,0.032985386
11/3/2015,47.9,1.680335513,-0.016257923,-0.038144777
11/2/2015,46.14,1.66407759,0.00421512,0.009658725
10/30/2015,46.59,1.66829271,-0.004968777,-0.01150673
10/29/2015,46.06,1.663323934,-0.001132943,-0.002612103
10/28/2015,45.94,1.662190991,-0.026707244,-0.063425926
10/27/2015,43.2,1.635483747,0.007771478,0.017735334
10/26/2015,43.98,1.643255225,0.006079634,0.013901345
10/23/2015,44.6,1.649334859,0.007529633,0.017188189
10/22/2015,45.38,1.656864492,-0.001726057,-0.003982301
10/21/2015,45.2,1.655138435,0.003349946,0.007683864
10/20/2015,45.55,1.658488381,0.003229676,0.007409022
10/19/2015,45.89,1.661718058,0.01277566,0.028988574
10/16/2015,47.26,1.674493717,-0.008162973,-0.018973696
10/15/2015,46.38,1.666330744,0.002427797,0.005574614
10/14/2015,46.64,1.668758542,0.000186193,0.000428633
10/13/2015,46.66,1.668944734,0.004076173,0.009341826
10/12/2015,47.1,1.673020907,0.022723368,0.050977232
10/9/2015,49.63,1.695744275,-0.001753665,-0.004046126
10/8/2015,49.43,1.69399061,-0.014471867,-0.033884125
10/7/2015,47.81,1.679518744,0.006491548,0.014836184
10/6/2015,48.53,1.686010291,-0.020804663,-0.049070471
10/5/2015,46.26,1.665205628,-0.006812602,-0.015810277
10/2/2015,45.54,1.658393026,-0.007697047,-0.017881091
10/1/2015,44.74,1.65069598,0.003384256,0.007762253
9/30/2015,45.09,1.654080235,0.001346352,0.003095291
9/29/2015,45.23,1.655426588,-0.007750275,-0.018005852
9/28/2015,44.43,1.647676313,0.012239887,0.027789934
9/25/2015,45.7,1.6599162,-0.007573145,-0.017590737
9/24/2015,44.91,1.652343055,-0.004178276,-0.009667266
9/23/2015,44.48,1.648164779,0.012985079,0.029456688
9/22/2015,45.83,1.661149857,0.00798099,0.018209083
9/21/2015,46.68,1.669130847,-0.019017683,-0.044762757
9/18/2015,44.68,1.650113164,0.021059678,0.047334755
9/17/2015,46.9,1.671172843,0.002308854,0.005302227
9/16/2015,47.15,1.673481697,-0.024244225,-0.057411976
9/15/2015,44.59,1.649237472,-0.005784796,-0.013409091
9/14/2015,44,1.643452676,0.00617421,0.014116065
9/11/2015,44.63,1.649626887,0.012374993,0.028092334
9/10/2015,45.92,1.662001879,-0.017071171,-0.0400906
9/9/2015,44.15,1.644930708,0.017260283,0.038963866
9/8/2015,45.94,1.662190991,0.001038644,0.002388708
9/4/2015,46.05,1.663229635,0.006551981,0.014973262
9/3/2015,46.75,1.669781615,-0.004669878,-0.010810811
9/2/2015,46.25,1.665111737,-0.007960235,-0.018498128
9/1/2015,45.41,1.657151502,0.034813601,0.07703252
8/31/2015,49.2,1.691965103,-0.036634545,-0.088014153
8/28/2015,45.22,1.655330558,-0.026328939,-0.0625
8/27/2015,42.56,1.629001619,-0.042414315,-0.102590674
8/26/2015,38.6,1.586587305,0.007915739,0.018061562
8/25/2015,39.31,1.594503044,-0.01198516,-0.027981172
8/24/2015,38.24,1.582517884,0.024400642,0.054635352
8/21/2015,40.45,1.606918526,0.007345761,0.016771998
8/20/2015,41.14,1.614264287,-0.003604124,-0.008333333
8/19/2015,40.8,1.610660163,0.018953282,0.042702956
8/18/2015,42.62,1.629613445,-0.007710484,-0.017912587
8/17/2015,41.87,1.621902961,0.006485969,0.014823529
8/14/2015,42.5,1.62838893,-0.002767849,-0.006393559
8/13/2015,42.23,1.625621081,0.010866815,0.024711316
8/12/2015,43.3,1.636487896,-0.002212202,-0.005106778
8/11/2015,43.08,1.634275695,0.018550608,0.041814947
8/10/2015,44.96,1.652826303,-0.010658668,-0.024846136
8/7/2015,43.87,1.642167634,0.007751084,0.017689207
8/6/2015,44.66,1.649918719,0.004739036,0.010852713
8/5/2015,45.15,1.654657755,0.005638406,0.012898994
8/4/2015,45.74,1.66029616,-0.00544607,-0.012618995
8/3/2015,45.17,1.654850091,0.018355191,0.041383701
7/31/2015,47.12,1.673205282,0.01271551,0.028854081
7/30/2015,48.52,1.685920792,0.002410026,0.005533921
7/29/2015,48.79,1.688330818,-0.007270574,-0.016882034
7/28/2015,47.98,1.681060244,-0.005373535,-0.012449884
7/27/2015,47.39,1.675686709,0.006819377,0.01557956
7/24/2015,48.14,1.682506086,0.002787695,0.006398349
7/23/2015,48.45,1.685293781,0.006583041,0.015043708
7/22/2015,49.19,1.691876823,0.010208899,0.023232724
7/21/2015,50.36,1.702085721,-0.001814784,-0.004187438
7/20/2015,50.15,1.700270937,0.006361514,0.014541167
7/17/2015,50.89,1.706632451,0.000170646,0.00039285
7/16/2015,50.91,1.706803097,0.004244507,0.009725734
7/15/2015,51.41,1.711047604,0.013555912,0.030731523
7/14/2015,53.04,1.724603515,-0.006933012,-0.016091954
7/13/2015,52.2,1.717670503,0.004469622,0.010238908
7/10/2015,52.74,1.722140125,0.00032926,0.000757863
7/9/2015,52.78,1.722469386,-0.00939906,-0.021878025
7/8/2015,51.65,1.713070326,0.005680409,0.012994458
7/7/2015,52.33,1.718750735,0.001656666,0.003807348
7/6/2015,52.53,1.720407401,0.034933783,0.077287897
7/2/2015,56.93,1.755341184,0.000228797,0.000526685
7/1/2015,56.96,1.755569981,0.018727958,0.042206154
6/30/2015,59.47,1.774297938,-0.008405962,-0.019543974
6/29/2015,58.33,1.765891976,0.009572833,0.021801107
6/26/2015,59.63,1.775464809,0.000509522,0.001172529
6/25/2015,59.7,1.775974331,0.00412686,0.009457442
6/24/2015,60.27,1.780101191,0.005299834,0.012129159
6/23/2015,61.01,1.785401025,-0.009572211,-0.022285523
6/22/2015,59.68,1.775828814,-0.000509693,-0.0011743
6/19/2015,59.61,1.775319122,0.006077183,0.013895782
6/18/2015,60.45,1.781396305,-0.003824501,-0.008845127
6/17/2015,59.92,1.777571805,0.000362244,0.00083375
6/16/2015,59.97,1.777934049,-0.003271126,-0.007560484
6/15/2015,59.52,1.774662923,0.003198702,0.007338225
6/12/2015,59.96,1.777861624,0.005827612,0.013328945
6/11/2015,60.77,1.783689236,0.004691279,0.010743936
6/10/2015,61.43,1.788380515,-0.009217092,-0.02144995
6/9/2015,60.14,1.779163424,-0.014688396,-0.034399725
6/8/2015,58.14,1.764475027,0.007332852,0.01674277
6/5/2015,59.13,1.771807879,-0.008379885,-0.019482759
6/4/2015,58,1.763427994,0.012109641,0.027498323
6/3/2015,59.64,1.775537635,0.011639358,0.026444662
6/2/2015,61.26,1.787176992,-0.007580501,-0.017607973
6/1/2015,60.2,1.779596491,0.000720821,0.001658375
5/29/2015,60.3,1.780317312,-0.01929206,-0.045423024
5/28/2015,57.68,1.761025252,-0.001281884,-0.002956008
5/27/2015,57.51,1.759743368,0.003909203,0.008960882
5/26/2015,58.03,1.763652571,0.012467228,0.028298727
5/22/2015,59.72,1.776119799,0.007211964,0.016469038
5/21/2015,60.72,1.783331763,-0.012626995,-0.029501526
5/20/2015,58.98,1.770704768,-0.012853425,-0.030038421
5/19/2015,57.26,1.757851344,0.016154387,0.036513545
5/18/2015,59.43,1.77400573,0.001895849,0.004355838
5/15/2015,59.69,1.775901579,0.001380213,0.003173013
5/14/2015,59.88,1.777281792,0.004473583,0.010247934
5/13/2015,60.5,1.781755375,0.001790908,0.004115226
5/12/2015,60.75,1.783546282,-0.010857928,-0.025316456
5/11/2015,59.25,1.772688355,0.001024971,0.002357299
5/8/2015,59.39,1.773713325,-0.003303194,-0.007634883
5/7/2015,58.94,1.770410132,0.014421047,0.03266043
5/6/2015,60.93,1.784831178,-0.00379424,-0.008774834
5/5/2015,60.4,1.781036939,-0.010700498,-0.02494485
5/4/2015,58.93,1.770336441,0.001618308,0.003719358
5/1/2015,59.15,1.771954749,0.00351006,0.008049639
4/30/2015,59.63,1.775464809,-0.007715442,-0.017924206
4/29/2015,58.58,1.767749367,-0.0114176,-0.026638626
4/28/2015,57.06,1.756331767,-0.00053311,-0.001228286
4/27/2015,56.99,1.755798657,0.001217578,0.00279965
4/24/2015,57.15,1.757016235,0.004460545,0.01021822
4/23/2015,57.74,1.76147678,-0.01204968,-0.028133903
4/22/2015,56.16,1.749427099,-0.007016219,-0.016286645
4/21/2015,55.26,1.742410881,0.008714191,0.0198652
4/20/2015,56.38,1.751125072,-0.004958107,-0.01148188
4/17/2015,55.74,1.746166964,0.007492683,0.017104567
4/16/2015,56.71,1.753659647,-0.002457553,-0.005674765
4/15/2015,56.39,1.751202095,-0.024556374,-0.058172265
4/14/2015,53.29,1.72664572,-0.011394691,-0.026584473
4/13/2015,51.91,1.715251029,-0.002264795,-0.005228505
4/10/2015,51.64,1.712986234,-0.007208021,-0.016735578
4/9/2015,50.79,1.705778213,-0.003175371,-0.007338358
4/8/2015,50.42,1.702602841,0.029630039,0.065950352
4/7/2015,53.98,1.73223288,-0.015061853,-0.035289605
4/6/2015,52.14,1.717171027,-0.025735875,-0.061050061
4/2/2015,49.14,1.691435152,0.00831588,0.018965861
4/1/2015,50.09,1.699751032,-0.022144079,-0.052310924
3/31/2015,47.6,1.677606953,0.009743617,0.022185703
3/30/2015,48.68,1.68735057,0.001691769,0.003887866
3/27/2015,48.87,1.689042339,0.022174185,0.049776395
3/26/2015,51.43,1.711216524,-0.019163159,-0.045112782
3/25/2015,49.21,1.692053365,-0.015268335,-0.035781941
3/24/2015,47.51,1.67678503,-0.000548814,-0.001264489
3/23/2015,47.45,1.676236217,-0.016129995,-0.03783902
3/20/2015,45.72,1.660106222,-0.017048538,-0.040036397
3/19/2015,43.96,1.643057684,0.006861035,0.015673981
3/18/2015,44.66,1.649918719,-0.011828997,-0.027611597
3/17/2015,43.46,1.638089722,0.004176897,0.009571559
3/16/2015,43.88,1.642266619,0.009398985,0.021409456
3/13/2015,44.84,1.651665604,0.020894024,0.046971307
3/12/2015,47.05,1.672559628,0.010217019,0.023250986
3/11/2015,48.17,1.682776646,0.001080559,0.002484987
3/10/2015,48.29,1.683857205,0.015112799,0.0342
3/9/2015,50,1.698970004,-0.003400777,-0.007861318
3/6/2015,49.61,1.695569227,0.009952386,0.022655634
3/5/2015,50.76,1.705521613,0.006538529,0.014942752
3/4/2015,51.53,1.712060142,-0.008596801,-0.019992082
3/3/2015,50.52,1.703463342,-0.008069234,-0.018753781
3/2/2015,49.59,1.695394108,0.001486263,0.003416399
2/27/2015,49.76,1.696880372,-0.014103725,-0.033008096
2/26/2015,48.17,1.682776646,0.024708366,0.055304962
2/25/2015,50.99,1.707485012,-0.014814313,-0.034699675
2/24/2015,49.28,1.692670699,0.001495597,0.003437816
2/23/2015,49.45,1.694166296,0.007746915,0.017679778
2/20/2015,50.34,1.701913211,0.007017325,0.016028147
2/19/2015,51.16,1.708930536,0.008240491,0.01879555
2/18/2015,52.14,1.717171027,0.011426217,0.025966748
2/17/2015,53.53,1.728597243,-0.006127857,-0.014209928
2/13/2015,52.78,1.722469386,-0.01311461,-0.030658075
2/12/2015,51.21,1.709354776,-0.020579121,-0.048525799
2/11/2015,48.84,1.688775655,0.010368032,0.023590564
2/10/2015,50.02,1.699143687,0.023983471,0.053726826
2/9/2015,52.86,1.723127159,-0.009720627,-0.022634939
2/6/2015,51.69,1.713406532,-0.010287186,-0.023969889
2/5/2015,50.48,1.703119346,-0.017825565,-0.041898865
2/4/2015,48.45,1.685293781,0.039391607,0.08671065
2/3/2015,53.05,1.724685388,-0.029466469,-0.070203752
2/2/2015,49.57,1.695218919,-0.01181162,-0.027570481
1/30/2015,48.24,1.683407299,-0.034754604,-0.083314619
1/29/2015,44.53,1.648652695,-0.00078093,-0.001799775
1/28/2015,44.45,1.647871765,0.017052128,0.038503136
1/27/2015,46.23,1.664923893,-0.010266139,-0.023920266
1/26/2015,45.15,1.654657755,0.004211838,0.009651239
1/23/2015,45.59,1.658869592,0.006805189,0.015547398
1/22/2015,46.31,1.665674781,0.013571364,0.030766011
1/21/2015,47.78,1.679246145,-0.012821773,-0.029963354
1/20/2015,46.39,1.666424373,0.021015402,0.047237626
1/16/2015,48.69,1.687439775,-0.022328037,-0.052756757
1/15/2015,46.25,1.665111737,0.020450874,0.04599835
1/14/2015,48.48,1.685562611,-0.023844553,-0.056439311
1/13/2015,45.89,1.661718058,0.001700155,0.003907098
1/12/2015,46.07,1.663418212,0.02106808,0.047353184
1/9/2015,48.36,1.684486292,0.003844526,0.008813281
1/8/2015,48.79,1.688330818,-0.001247974,-0.002877698
1/7/2015,48.65,1.687082845,-0.006475416,-0.015021907
1/6/2015,47.93,1.680607429,0.018709872,0.042166267
1/5/2015,50.04,1.699317301,0.022410898,0.050294173
1/2/2015,52.69,1.721728199,0.004754498,0.010887929
12/31/2014,53.27,1.726482697,0.006875091,0.015705839
12/30/2014,54.12,1.733357788,-0.004111981,-0.009513151
12/29/2014,53.61,1.729245807,0.008979641,0.020464096
12/26/2014,54.73,1.738225448,0.008719961,0.019878223
12/24/2014,55.84,1.74694541,0.009842789,0.022408964
12/23/2014,57.12,1.756788199,-0.014377318,-0.033659066
12/22/2014,55.26,1.742410881,0.009791273,0.022292994
12/19/2014,56.52,1.752202153,-0.018924619,-0.044538902
12/18/2014,54.11,1.733277534,0.018540254,0.041792102
12/17/2014,56.47,1.751817788,-0.004172968,-0.009654926
12/16/2014,55.93,1.747644819,-0.000155327,-0.000357718
12/15/2014,55.91,1.747489492,0.014513477,0.032866286
12/12/2014,57.81,1.762002969,0.015786218,0.035696414
12/11/2014,59.95,1.777789187,0.007113262,0.016245487
12/10/2014,60.94,1.78490245,0.02005435,0.045126919
12/9/2014,63.82,1.8049568,-0.005271709,-0.01221253
12/8/2014,63.05,1.799685091,0.018804731,0.042375456
12/5/2014,65.84,1.818489822,0.00635165,0.014518785
12/4/2014,66.81,1.824841472,0.003689535,0.008459484
12/3/2014,67.38,1.828531007,-0.003234742,-0.007476077
12/2/2014,66.88,1.825296264,0.013552826,0.030724638
12/1/2014,69,1.838849091,-0.018319242,-0.0430839
11/28/2014,66.15,1.820529849,0.046878708,0.102320532
11/26/2014,73.69,1.867408557,0.002351038,0.005398839
11/25/2014,74.09,1.869759595,0.009795006,0.022301399
11/24/2014,75.78,1.879554601,0.004163601,0.009541236
11/21/2014,76.51,1.883718202,-0.005311314,-0.012304843
11/20/2014,75.58,1.878406888,-0.005784509,-0.01340842
11/19/2014,74.58,1.872622379,0.000174661,0.000402091
11/18/2014,74.61,1.87279704,0.00595448,0.013617134
11/17/2014,75.64,1.87875152,0.00103226,0.002374044
11/14/2014,75.82,1.87978378,-0.009321349,-0.021695189
11/13/2014,74.21,1.870462432,0.017042343,0.038481472
11/12/2014,77.18,1.887504774,0.004255627,0.009751091
11/11/2014,77.94,1.891760401,-0.003019441,-0.006976744
11/10/2014,77.4,1.888740961,0.006957766,0.015893198
11/7/2014,78.65,1.895698727,-0.004105523,-0.009498139
11/6/2014,77.91,1.891593204,0.004271147,0.009786477
11/5/2014,78.68,1.895864351,-0.00830331,-0.019303019
11/4/2014,77.19,1.887561041,0.008854936,0.020182788
11/3/2014,78.78,1.896415976,0.009595649,0.021852496
10/31/2014,80.54,1.906011625,0.003116317,0.007149901
10/30/2014,81.12,1.909127942,0.005743876,0.013138686
10/29/2014,82.2,1.914871818,-0.004140719,-0.009579956
10/28/2014,81.42,1.910731098,-0.002246079,-0.005185185
10/27/2014,81,1.908485019,5.36133E-05,0.000123442
10/24/2014,81.01,1.908538632,0.005751623,0.013156292
10/23/2014,82.09,1.914290256,-0.008386489,-0.019498261
10/22/2014,80.52,1.905903766,0.012179018,0.027653665
10/21/2014,82.81,1.918082785,-0.000524764,-0.001209044
10/20/2014,82.71,1.917558021,0.000209982,0.000483384
10/17/2014,82.75,1.917768002,-0.000262493,-0.000604595
10/16/2014,82.7,1.91750551,-0.004858403,-0.011249694
10/15/2014,81.78,1.912647106,0.000318514,0.000733138
10/14/2014,81.84,1.912965621,0.020217858,0.045486354
10/13/2014,85.74,1.933183479,0.000405031,0.000932184
10/10/2014,85.82,1.93358851,-0.0002531,-0.000582954
10/9/2014,85.77,1.93333541,0.007728578,0.0176383
10/8/2014,87.31,1.941063988,0.007593444,0.017332583
10/7/2014,88.85,1.948657432,0.007222654,0.016493248
10/6/2014,90.34,1.955880086,-0.002894021,-0.006685982
10/3/2014,89.74,1.952986065,0.006103049,0.01395451
10/2/2014,91.01,1.959089114,-0.001338203,-0.00308608
10/1/2014,90.73,1.957750911,0.002053406,0.004716981
9/30/2014,91.16,1.959804317,0.015949073,0.036057946
9/29/2014,94.57,1.975753389,-0.004756023,-0.011011332
9/26/2014,93.54,1.970997366,-0.004714803,-0.010915379
9/25/2014,92.53,1.966282562,0.001265414,0.002909483
9/24/2014,92.8,1.967547976,-0.005842192,-0.013543032
9/23/2014,91.56,1.961705784,-0.000189773,-0.000437063
9/22/2014,91.52,1.961516011,0.004202959,0.009630992
9/19/2014,92.41,1.96571897,0.003090744,0.007091437
9/18/2014,93.07,1.968809714,0.006254282,0.014297818
9/17/2014,94.42,1.975063996,0.00211068,0.004848229
9/16/2014,94.88,1.977174676,-0.009065475,-0.021093414
9/15/2014,92.92,1.968109201,-0.003048681,-0.007044543
9/12/2014,92.27,1.965060521,0.00262783,0.006032533
9/11/2014,92.83,1.96768835,-0.005461119,-0.012654085
9/10/2014,91.67,1.962227231,0.005086687,0.011644205
9/9/2014,92.75,1.967313918,-0.000421622,-0.000971293
9/8/2014,92.66,1.966892296,0.002942797,0.006753135
9/5/2014,93.29,1.969835093,0.005366869,0.01228163
9/4/2014,94.45,1.975201962,0.004983275,0.011408834
9/3/2014,95.54,1.980185237,-0.01226303,-0.028639104
9/2/2014,92.88,1.967922207,0.014168033,0.032096707
8/29/2014,95.96,1.982090239,-0.006428706,-0.014912745
8/28/2014,94.55,1.975661533,-0.003088452,-0.00713677
8/27/2014,93.88,1.972573081,-9.25311E-05,-0.000213083
8/26/2014,93.86,1.97248055,-0.002366228,-0.00546331
8/25/2014,93.35,1.970114322,0.001393459,0.003203417
8/22/2014,93.65,1.971507782,0.001435226,0.003299276
8/21/2014,93.96,1.972943008,0.009644783,0.021963152
8/20/2014,96.07,1.982587791,-0.007247906,-0.016828959
8/19/2014,94.48,1.975339885,0.008782198,0.02001867
8/18/2014,96.41,1.984122083,0.004213873,0.009655881
8/15/2014,97.35,1.988335956,-0.00796893,-0.018518519
8/14/2014,95.58,1.980367026,0.009038292,0.020596373
8/13/2014,97.59,1.989405318,-0.000980148,-0.002259423
8/12/2014,97.37,1.98842517,0.003155287,0.007238989
8/11/2014,98.08,1.991580457,-0.00190821,-0.004403482
8/8/2014,97.65,1.989672248,-0.001380906,-0.003184713
8/7/2014,97.34,1.988291342,-0.001877936,-0.004333471
8/6/2014,96.92,1.986413405,0.002056365,0.004723763
8/5/2014,97.38,1.98846977,0.004039565,0.009258317
8/4/2014,98.29,1.992509335,-0.001815374,-0.004188803
8/1/2014,97.88,1.990693961,0.00128483,0.002954059
7/31/2014,98.17,1.991978791,0.009192224,0.020943453
7/30/2014,100.27,2.001171015,0.003021341,0.006932752
7/29/2014,100.97,2.004192356,0.003000467,0.00688502
7/28/2014,101.67,2.007192824,0.00179038,0.004114017
7/25/2014,102.09,2.008983204,-8.5089E-05,-0.000195944
7/24/2014,102.07,2.008898115,0.00444479,0.010182312
7/23/2014,103.12,2.013342904,0.005440785,0.012449722
7/22/2014,104.42,2.018783689,0.000706474,0.001625394
7/21/2014,104.59,2.019490163,-0.006105145,-0.014156889
7/18/2014,103.13,2.013385018,0.000252595,0.000581452
7/17/2014,103.19,2.013637612,-0.0084571,-0.019664032
7/16/2014,101.2,2.005180513,-0.005354265,-0.012404962
7/15/2014,99.96,1.999826247,0.004107959,0.00941433
7/14/2014,100.91,2.003934206,-0.000344439,-0.000793415
7/11/2014,100.83,2.003589767,0.008952206,0.020402215
7/10/2014,102.93,2.012541973,-0.002708794,-0.006256721
7/9/2014,102.29,2.009833179,0.00468736,0.01073501
7/8/2014,103.4,2.014520539,0.000545675,0.001255675
7/7/2014,103.53,2.015066214,0.002217608,0.005093215
7/3/2014,104.06,2.017283822,0.001749342,0.004019908
7/2/2014,104.48,2.019033164,0.00356015,0.00816404
7/1/2014,105.34,2.022593314,0.000123666,0.000284711
6/30/2014,105.37,2.02271698,0.001522326,0.003499149
6/27/2014,105.74,2.024239306,0.000410525,0.000944822
6/26/2014,105.84,2.024649831,0.002699777,0.006197183
6/25/2014,106.5,2.027349608,-0.001920846,-0.004432708
6/24/2014,106.03,2.025428761,0.000573056,0.00131864
6/23/2014,106.17,2.026001817,0.004435975,0.010162223
6/20/2014,107.26,2.030437793,-0.00337373,-0.007798553
6/19/2014,106.43,2.027064062,-0.001881128,-0.004340851
6/18/2014,105.97,2.025182934,0.001595394,0.003666792
6/17/2014,106.36,2.026778329,0.002199377,0.00505145
6/16/2014,106.9,2.028977705,4.06243E-05,9.35366E-05
6/13/2014,106.91,2.02901833,-0.001546403,-0.00356707
6/12/2014,106.53,2.027471927,-0.008771428,-0.020402299
6/11/2014,104.4,2.018700499,-0.000208045,-0.000479157
6/10/2014,104.35,2.018492453,0.000249642,0.000574658
6/9/2014,104.41,2.018742096,-0.007340836,-0.017046561
6/6/2014,102.66,2.01140126,-0.000762143,-0.00175644
6/5/2014,102.48,2.010639117,0.000677527,0.001558846
6/4/2014,102.64,2.011316643,8.46166E-05,0.000194818
6/3/2014,102.66,2.01140126,-0.000804524,-0.001854201
6/2/2014,102.47,2.010596736,0.001015993,0.002336676
5/30/2014,102.71,2.011612729,0.003663177,0.008399305
5/29/2014,103.58,2.015275907,-0.003620896,-0.008372274
5/28/2014,102.72,2.011655011,0.005837436,0.013351263
5/27/2014,104.11,2.017492446,0.001000007,0.002299952
5/23/2014,104.35,2.018492453,-0.00254621,-0.005880085
5/22/2014,103.74,2.015946244,0.001379311,0.003170943
5/21/2014,104.07,2.017325555,-0.006855985,-0.015911753
5/20/2014,102.44,2.01046957,0.000720118,0.001656759
5/19/2014,102.61,2.011189688,-0.002504368,-0.00578318
5/16/2014,102.02,2.008685319,-0.002219277,-0.005123153
5/15/2014,101.5,2.006466042,0.003706661,0.008498584
5/14/2014,102.37,2.010172703,-0.00285175,-0.006588004
5/13/2014,101.7,2.007320953,-0.004766145,-0.011034894
5/12/2014,100.59,2.002554808,-0.00259824,-0.0060006
5/9/2014,99.99,1.999956568,0.001171132,0.002692998
5/8/2014,100.26,2.0011277,0.002203558,0.00506103
5/7/2014,100.77,2.003331259,-0.005508178,-0.012763819
5/6/2014,99.5,1.997823081,-8.73041E-05,-0.000201045
5/5/2014,99.48,1.997735777,0.001220664,0.002806736
5/2/2014,99.76,1.99895644,-0.001482682,-0.003419835
5/1/2014,99.42,1.997473759,0.001395605,0.003208342
4/30/2014,99.74,1.998869364,0.006654329,0.015205371
4/29/2014,101.28,2.005523693,-0.001890856,-0.004363348
4/28/2014,100.84,2.003632837,-0.001034856,-0.002385686
4/25/2014,100.6,2.002597981,0.005746649,0.013144987
4/24/2014,101.94,2.008344629,-0.002135389,-0.004929022
4/23/2014,101.44,2.006209241,0.002944091,0.006756095
4/22/2014,102.13,2.009153332,0.009422352,0.021462106
4/21/2014,104.37,2.018575683,-0.000291375,-0.000671141
4/17/2014,104.3,2.018284308,-0.002254345,-0.005204318
4/16/2014,103.76,2.016029963,-4.18577E-05,-9.63855E-05
4/15/2014,103.75,2.015988105,0.001253979,0.002883229
4/14/2014,104.05,2.017242085,-0.001295841,-0.00298824
4/11/2014,103.74,2.015946244,-0.001425705,-0.003288201
4/10/2014,103.4,2.014520539,0.000839217,0.001930502
4/9/2014,103.6,2.015359755,-2.015359755,#DIV/0!
